Spearman_corr	Spearman_pval	Pearson_corr	Pearson_pval	Feature
0.24338863670915575	9.297097253767349e-114	0.042313147759918526	0.00010311243398473188	ATAC
0.14003474598261967	3.998363205879567e-38	0.041413110464941595	0.00014441657946894816	H3K27ac
0.29507349109356984	1.0301363972489586e-168	0.033948459144088686	0.0018393879880536645	H3K4me3
0.24600546837405352	2.9821251585354446e-116	0.04262116157566439	9.174694108626664e-05	RE
