Spearman_corr	Spearman_pval	Pearson_corr	Pearson_pval	Feature
0.2732113806162062	1.6027344791788774e-109	0.1498165820948222	2.5480014317452368e-33	ATAC
0.30442198138162374	8.52044395966955e-137	0.14212860817101194	4.004039846988953e-30	H3K27ac
0.29677282742776273	8.663933841513773e-130	0.12876013130757932	5.625019676984737e-25	H3K4me3
0.29579366911247357	6.597265549010937e-129	0.1530031699272291	1.072639775092446e-34	RE
